PROGRESS,ORCH_1_Dstop,ORCH_1_Drestart,ORCH_1_Fstop,ORCH_1_Frestart,PSCS__TAU,HUM_1_VEL,HUM_2_VEL,HUM_1_FW,HUM_1_FTG,HUM_2_FW,HUM_2_FTG,HUM_1_POS,HUM_2_POS,ROB_1_VEL,ROB_1_CHG,PRSCS_LOWER_BOUND,PRSCS_UPPER_BOUND
0,7.1804766030898115,2.3012984467263715,0.5701954043054263,0.2107362796389076,358,86.8199325981397,81.72918847010098,distr,y/s,free,y/s,"1543.88, 239.25","206.41, 289.35",48.73305107115587,11.875555618495714,0.0,0.95
0,7.18,2.3,0.57,0.21,357,86.0,81.0,distr,y/s,free,y/s,"1543.88, 239.25","206.41, 289.35",48.0,11.875531189283,0.05,1.0
0,7.18,2.3,0.57,0.21,178,86.0,81.0,distr,y/s,free,y/s,"268.03, 133.19","206.41, 289.35",48.0,11.82127093943263,0.0,0.95
0,5.838375948596036,3.3166071704072215,0.5717727764964173,0.19412597887426186,523,32.746510055102775,78.69689610776956,free,y/u,distr,y/h,"975.51, 272.02","4384.55, 302.13",97.38116846112773,11.48491966435034,0.0,0.95
0,5.84,3.32,0.57,0.19,522,32.0,78.0,free,y/u,distr,y/h,"975.51, 272.02","4384.55, 302.13",97.0,11.48488302064943,0.0,0.95
1,5.84,3.32,0.57,0.19,261,19.0,47.0,free,y/u,distr,y/h,"774.08, 246.81","2310.86, 182.75",97.0,11.40662335531182,0.0,0.95
